{
    "final_thoughts": [
        {
            "thought": "To solve the problem of using the numbers 2, 8, 8, and 14 with basic arithmetic operations to obtain 24 in one equation, we need to explore combinations of operations on these numbers. We should aim to use each number only once. Here are some possible approaches: \n\n1. Consider multiplication and addition as they can create larger numbers quickly.\n2. Use subtraction or division to adjust numbers if the sum or product is too large.\n3. Given the numbers and the target, a strategic approach might involve using the largest number (14) in a way that brings us closer to 24.\n\nPossible approaches:\n- Determine if any two numbers can be multiplied to get a product close to 24 and adjust with the others.\n- Use a combination of addition and multiplication to reach the target number.\n\nLet's start with some specific calculations:\n- Try (8 * 3) = 24, but we don't have a 3. However, we can try to form a 3 using (14 - 8 - 2 = 4). Then use 8 - 4 = 4 to get closer to 3.\n- Try (2 * 8) + (14 - 8) = 16 + 6 = 22, then adjust by considering other operations.\n\nThese are initial thoughts; further exploration is needed to find the exact equation.",
            "evaluation": 0.6
        },
        {
            "thought": "To solve the problem of using the numbers 2, 8, 8, and 14 with basic arithmetic operations to obtain 24 in one equation, we need to explore combinations of operations on these numbers. We should aim to use each number only once. Here are some possible approaches: \n\n1. Consider multiplication and addition as they can create larger numbers quickly.\n2. Use subtraction or division to adjust numbers if the sum or product is too large.\n3. Given the numbers and the target, a strategic approach might involve using the largest number (14) in a way that brings us closer to 24.\n\nPossible approaches:\n- Determine if any two numbers can be multiplied to get a product close to 24 and adjust with the others.\n- Use a combination of addition and multiplication to reach the target number.\n\nLet's start with some specific calculations:\n- Try (8 * 3) = 24, but we don't have a 3. However, we can try to form a 3 using (14 - 8 - 2 = 4). Then use 8 - 4 = 4 to get closer to 3.\n- Try (2 * 8) + (14 - 8) = 16 + 6 = 22, then adjust by considering other operations.\n\nThese are initial thoughts; further exploration is needed to find the exact equation.",
            "evaluation": 0.6
        },
        {
            "thought": "To solve the problem of using the numbers 2, 8, 8, and 14 with basic arithmetic operations to obtain 24, we need to explore combinations of operations on these numbers. We should aim to use each number only once. Here are some possible approaches: \n\n1. Consider multiplication and addition as they can create larger numbers quickly.\n2. Use subtraction or division to adjust numbers if the sum or product is too large.\n3. Given the numbers and the target, a strategic approach might involve using the largest number (14) in a way that brings us closer to 24.\n\nPossible approaches:\n- Determine if any two numbers can be multiplied to get a product close to 24 and adjust with the others.\n- Use a combination of addition and multiplication to reach the target number.\n\nLet's start with some specific calculations:\n- Try (8 * 3) = 24, but we don't have a 3. However, we can try to form a 3 using (14 - 8 - 2 = 4). Then use 8 - 4 = 4 to get closer to 3.\n- Try (2 * 8) + (14 - 8) = 16 + 6 = 22, then adjust by considering other operations.\n\nThese are initial thoughts; further exploration is needed to find the exact equation.",
            "evaluation": 0.6
        },
        {
            "thought": "To solve this complex problem effectively, it seems should combine steps involving subtraction and multiplication. In this approach: \n\n1. Consider subtraction to form intermediary numbers. \n2. Checking possible multiplication sequences enables testing combinations that can arrive closer to 24. \n3. Trial for subtraction to reduce large numbers to smaller, friendlier multiples or divisors.\n\n\n1. Combine 14 - 8 = 6.\n2. Then Use another set setup: 8 - 2 = 6\n\nI see that there is a potential pattern here: both remaining numbers forming a product will allow a checking sequence in close trials for proprietary calculations. Although, it appears more steps are needed to fully execute it, bringing in alternative combinations using says, a division or addition options not yet fully tested.",
            "evaluation": 0.65
        }
    ],
    "pruned_branches": []
}