{
    "all_thoughts": [
        {
            "thought": "To solve the problem, we need to use the given four numbers and perform basic arithmetic operations (+, -, *, /) to arrive at the result of 24. The numbers provided in the example are 2, 8, 8, and 14. We can use each number exactly once to form one equation that equals 24. Let's explore potential combinations and operations: \\n\n1. Consider the operation that can directly lead to 24. Since 24 is a multiple of 8, let's try to use multiplication: \\n   - If we use 8 * 3 = 24, we need to find a way to make 3 from the remaining numbers: 2, 8, 14. \\n\n2. Break down the numbers to see if any simple operations lead to 3: \\n   - (14 - 8)/2 = 3 \\n   - This means we can form the equation: \\n     (14 - 8)/2 * 8 = 24 \\n\nNow, let's evaluate the thought process and the accuracy of the solution.",
            "evaluation": 0.9
        },
        {
            "thought": "To solve this problem, I need to use the four numbers provided and basic arithmetic operations to reach the result of 24. This requires me to evaluate different combinations of operations and numbers. I will break down the problem into smaller steps. Let's start by analyzing the combinations of operations that can yield 24.",
            "evaluation": 0.9
        }
    ],
    "final_thought": {
        "thought": "The problem requires using the numbers 2, 8, 8, and 14 with basic arithmetic operations to achieve the result of 24. A potential way to solve this is by trying combinations that can simplify to 24. In the previous analysis, the solution (14 - 8)/2 * 8 = 24 was proposed. This uses the numbers and operations correctly: \\n- 14 - 8 gives 6.\\n- Dividing 6 by 2 results in 3.\\n- Multiplying 3 by 8 equals 24.\\nThis solution is valid and correctly uses each number once to achieve the target result. The arithmetic logic applied is straightforward and the solution is verifiable.",
        "evaluation": 1.0
    }
}