{
    "final_thoughts": [
        {
            "thought": "Let's attempt another possible calculation using the numbers 2, 8, 8, and 14. Consider using division to manipulate the numbers closer to the desired result of 24. \n\nAttempt the following equation: 14 - (8 / 8) * 2 = 24. Let's verify:\n- 8 / 8 = 1\n- 1 * 2 = 2\n- 14 - 2 = 12 (This does not result in 24)\n\nTry a different strategy: (14 / 2) * 8 - 8 = 24. Let's verify:\n- 14 / 2 = 7\n- 7 * 8 = 56\n- 56 - 8 = 48 (This is incorrect as well)\n\nFinally, try: 8 * (14 / (2 + 8)) = 24. Let's verify:\n- 2 + 8 = 10\n- 14 / 10 = 1.4\n- 8 * 1.4 = 11.2 (This also doesn't work)\n\nEach approach has led to similar conclusions: the operations and the combination of these numbers are more challenging to align correctly. More exploration is needed or a deeper re-evaluation of our approach to discover the correct process.",
            "evaluation": 0.6
        },
        {
            "thought": "Let's attempt another possible calculation using the numbers 2, 8, 8, and 14. Consider using division to manipulate the numbers closer to the desired result of 24. \n\nAttempt the following equation: 14 - (8 / 8) * 2 = 24. Let's verify:\n- 8 / 8 = 1\n- 1 * 2 = 2\n- 14 - 2 = 12 (This does not result in 24)\n\nTry a different strategy: (14 / 2) * 8 - 8 = 24. Let's verify:\n- 14 / 2 = 7\n- 7 * 8 = 56\n- 56 - 8 = 48 (This is incorrect as well)\n\nFinally, try: 8 * (14 / (2 + 8)) = 24. Let's verify:\n- 2 + 8 = 10\n- 14 / 10 = 1.4\n- 8 * 1.4 = 11.2 (This also doesn't work)\n\nEach approach has led to similar conclusions: the operations and the combination of these numbers are more challenging to align correctly. More exploration is needed or a deeper re-evaluation of our approach to discover the correct process.",
            "evaluation": 0.6
        },
        {
            "thought": "To solve this problem, we need to use the numbers 2, 8, 8, and 14 and apply basic arithmetic operations (+, -, *, /) to obtain the result of 24 in one equation. The challenge is to use all four numbers exactly once and combine them in a way that results in the target number 24.\n\nStep 1: Analyze the Given Numbers\n- We have two 8s, which suggests multiplication might be helpful since 8 * 3 = 24.\n- The number 14 is quite large compared to 24, so subtraction might be necessary.\n- The number 2 could be useful for division or multiplication to adjust the values.\n\nStep 2: Consider Possible Combinations\n- One possible approach is to start by multiplying the two 8s: 8 * 8 = 64. However, 64 is much larger than 24, so this might not be the best approach.\n- Another approach could be to use the 8 and 14 in a way that their combination approaches 24.\n\nStep 3: Explore Viable Equations\n- A possible equation could be (14 - 8) * 2 + 8 = 24. Let's verify:\n  - (14 - 8) = 6\n  - 6 * 2 = 12\n  - 12 + 8 = 20 (This does not result in 24, so it needs adjustment)\n\nStep 4: Re-evaluate and Try Again\n- Another approach could be: (14 - 2) + (8 / 8) = 24. Let's verify:\n  - (14 - 2) = 12\n  - (8 / 8) = 1\n  - 12 + 1 = 13 (This also does not result in 24)\n\nIt seems that the challenge is to find a combination where the operations and order of operations align perfectly to reach 24. More exploration is needed to find the correct equation.",
            "evaluation": 0.6
        },
        {
            "thought": "Given the numbers 2, 8, 8, and 14, and the task of using them exactly once with basic arithmetic operations to achieve the result of 24, let's explore more combinations.\n\nStep 1: Reconsider the Use of Each Number\n- The pair of 8s suggests potential for multiplication or division, but their multiplication (8 * 8 = 64) is too large.\n- The number 14 is larger than 24, so possibly using it in subtraction might help.\n- The number 2 could be a key in adjusting the result through multiplication or division.\n\nStep 2: Try a Different Approach\n- Consider using division to simplify the equation, especially with the repeated 8s.\n- A possible approach could be using subtraction with 14 and then adjusting with 8s and 2.\n\nStep 3: Attempt New Equations\n- Consider the equation: (14 - 8) + (8 * 2) = 24. Let's verify:\n  - (14 - 8) = 6\n  - 8 * 2 = 16\n  - 6 + 16 = 22 (This is close but not correct)\n\nStep 4: Refine the Approach\n- Another attempt could be: (14 / 2) + 8 + 2 = 24. Let's verify:\n  - 14 / 2 = 7\n  - 7 + 8 = 15\n  - 15 + 2 = 17 (This also does not result in 24)\n\nThe challenge remains in finding the correct combination of operations and order that will result in 24. Continuing to test different equations and re-evaluating the use of each number and operation is necessary.",
            "evaluation": 0.7
        }
    ],
    "pruned_branches": []
}