{
    "final_thoughts": [
        {
            "thought": "One potential approach to solve this problem is to start by using multiplication to increase the values quickly. For example, we could try multiplying 8 and 2 to get 16, and then see how the remaining numbers 8 and 14 can be combined to reach 24. \n\nHowever, another interesting approach is to consider dividing 14 by 2 to get 7, then adding the two 8's to reach 23, which is close to 24. This means we need to find a way to adjust slightly, possibly by considering subtraction or division in a different order.\n\nExploring these avenues will help us find a combination that results in 24.",
            "evaluation": 0.7
        },
        {
            "thought": "To solve the problem using the numbers 2, 8, 8, and 14 to obtain 24, we should consider both the order of operations and the potential for each operation to contribute to reaching 24. A promising strategy is to first use multiplication or division to adjust the numbers closer to 24, then use addition or subtraction to fine-tune the result. Let's explore the combinations:\n\n1. Start with multiplication: 2 * 8 = 16. This leaves us with 16, 8, and 14.\n2. Next, consider using division: 14 / 7 = 2 (if we could make 7 from the remaining numbers, but here it doesn't directly help).\n3. Alternatively, try addition: 16 + 8 = 24, which is our target.\n\nThus, one potential solution is to first multiply 2 and 8 to get 16, then add the remaining 8 to achieve 24. This uses the numbers 2, 8, 8, and 14 in a valid way.",
            "evaluation": 0.9
        },
        {
            "thought": "To solve the problem using the numbers 2, 8, 8, and 14 to obtain 24, we should consider both the order of operations and the potential for each operation to contribute to reaching 24. A promising strategy is to first use multiplication or division to adjust the numbers closer to 24, then use addition or subtraction to fine-tune the result. Let's explore the combinations:\n\n1. Start with multiplication: 2 * 8 = 16. This leaves us with 16, 8, and 14.\n2. Next, consider using division: 14 / 7 = 2 (if we could make 7 from the remaining numbers, but here it doesn't directly help).\n3. Alternatively, try addition: 16 + 8 = 24, which is our target.\n\nThus, one potential solution is to first multiply 2 and 8 to get 16, then add the remaining 8 to achieve 24. This uses the numbers 2, 8, 8, and 14 in a valid way.",
            "evaluation": 0.9
        },
        {
            "thought": "To solve the problem using the numbers 2, 8, 8, and 14 to obtain 24, we should consider both the order of operations and the potential for each operation to contribute to reaching 24. A promising strategy is to first use multiplication or division to adjust the numbers closer to 24, then use addition or subtraction to fine-tune the result. Let's explore the combinations:\n\n1. Start with multiplication: 2 * 8 = 16. This leaves us with 16, 8, and 14.\n2. Next, consider using division: 14 / 7 = 2 (if we could make 7 from the remaining numbers, but here it doesn't directly help).\n3. Alternatively, try addition: 16 + 8 = 24, which is our target.\n\nThus, one potential solution is to first multiply 2 and 8 to get 16, then add the remaining 8 to achieve 24. This uses the numbers 2, 8, 8, and 14 in a valid way.",
            "evaluation": 0.9
        },
        {
            "thought": "The goal is to use the numbers 2, 8, 8, and 14 exactly once in a combination of basic arithmetic operations (+, -, *, /) to achieve the result of 24. To systematically approach this, we can consider several strategies, focusing initially on operations that create large changes, like multiplication and division. \n\nFirst, let's consider multiplication and division as they can bring numbers closer to a target quickly:\n\n1. Multiply 2 and 8 to get 16. This leaves us with 16, 8, and 14.\n2. Now, add the remaining 8 to 16, resulting in 16 + 8 = 24.\n\nThis approach successfully uses the numbers 2, 8, 8, and 14 to achieve 24. It is efficient because it takes advantage of multiplication to quickly increase the magnitude of numbers, making it easier to reach the target through subsequent addition.",
            "evaluation": 0.9
        },
        {
            "thought": "To solve the problem using the numbers 2, 8, 8, and 14 to obtain 24, we should consider both the order of operations and the potential for each operation to contribute to reaching 24. A promising strategy is to first use multiplication or division to adjust the numbers closer to 24, then use addition or subtraction to fine-tune the result. Let's explore the combinations:\n\n1. Start with multiplication: 2 * 8 = 16. This leaves us with 16, 8, and 14.\n2. Next, consider using division: 14 / 7 = 2 (if we could make 7 from the remaining numbers, but here it doesn't directly help).\n3. Alternatively, try addition: 16 + 8 = 24, which is our target.\n\nThus, one potential solution is to first multiply 2 and 8 to get 16, then add the remaining 8 to achieve 24. This uses the numbers 2, 8, 8, and 14 in a valid way.",
            "evaluation": 0.9
        },
        {
            "thought": "The goal is to use the numbers 2, 8, 8, and 14 exactly once in a combination of basic arithmetic operations (+, -, *, /) to achieve the result of 24. To systematically approach this, we can consider several strategies, focusing initially on operations that create large changes, like multiplication and division. \n\nFirst, let's consider multiplication and division as they can bring numbers closer to a target quickly:\n\n1. Multiply 2 and 8 to get 16. This leaves us with 16, 8, and 14.\n2. Now, add the remaining 8 to 16, resulting in 16 + 8 = 24.\n\nThis approach successfully uses the numbers 2, 8, 8, and 14 to achieve 24. It is efficient because it takes advantage of multiplication to quickly increase the magnitude of numbers, making it easier to reach the target through subsequent addition.",
            "evaluation": 0.9
        },
        {
            "thought": "To solve the problem of obtaining 24 using the numbers 2, 8, 8, and 14 with basic arithmetic operations, we need to consider different combinations and operations that can be performed on these numbers. The goal is to use each number exactly once to reach the target number 24. We can start by exploring combinations of operations and numbers to see if any result in 24.",
            "evaluation": 0.9
        }
    ],
    "pruned_branches": []
}