{
    "final_thoughts": [
        {
            "thought": "A viable strategy is to construct a number that can be easily manipulated to reach 24. We have the numbers 2, 8, 8, and 14 to consider. One potential path is to involve the operation that every number could contribute meaningfully. For instance:\n1. Compute (14 - 8) to get 6.\n2. Use 2 to manipulate it: 6 * 2 = 12.\n3. Use the next 8, suppose in division: it can serve as a reduction factor or reconsider a combination in step. Let's attempt ( 8 / 4 + 2) * 3 to comprehend errors or re-evaluate this attempt start.\n\nI'll need to reassess through:\n- (14 - 8) resulting in - direct shift towards a manipulative boundary: re-evaluate operation mapping to encompass direct operand choices.\n\nTo conclude in reevaluation, it appears reaching the value might force reconsiderations on valid operand synthesis and original combination recalcium. Final adjustment awaits prior calculation confirmation.",
            "evaluation": 0.5
        },
        {
            "thought": "Given the numbers 2, 8, 8, and 14, let's explore a combination where we can reach 24. One potential path is to use multiplication and addition in a strategic way:\n\n1. Consider multiplying the two 8s together: 8 * 8 = 64.\n2. Now, let's see if we can use division or subtraction to adjust this result closer to 24.\n3. If we divide 64 by 2, we get 32, which is still too high.\n4. Let's try subtraction: if we subtract 14 from 64, we get 50, which is still above 24.\n5. Instead, let's try 14 - 8 = 6. \n6. Multiply 6 by 2 to get 12.\n7. Now, we can multiply 12 by 2 (from the division of 8 by 4) to reach 24.\n\nThis reasoning needs verification, as it might not use all numbers appropriately, and the operations might not align perfectly yet. Let's re-evaluate and adjust if necessary.",
            "evaluation": 0.7
        },
        {
            "thought": "To solve the problem, we need to use the numbers 2, 8, 8, and 14 with basic arithmetic operations to obtain the result of 24 in one equation. We must consider all possible combinations of operations and order of operations to achieve this result. We can start by exploring combinations that involve multiplication and division, as they tend to reach higher values quickly, which might be necessary to reach 24. Additionally, since the number 24 is even and can be factored into 2 * 12 or 3 * 8, we should consider these factors in our operations.",
            "evaluation": 0.8
        },
        {
            "thought": "To solve the problem, we need to use the numbers 2, 8, 8, and 14 with basic arithmetic operations to obtain the result of 24 in one equation. We must consider all possible combinations of operations and order of operations to achieve this result. We can start by exploring combinations that involve multiplication and division, as they tend to reach higher values quickly, which might be necessary to reach 24. Additionally, since the number 24 is even and can be factored into 2 * 12 or 3 * 8, we should consider these factors in our operations.",
            "evaluation": 0.8
        }
    ],
    "pruned_branches": []
}