{
  "version": "0.1",
  "$schema": "https://raw.githubusercontent.com/streetsidesoftware/cspell/master/cspell.schema.json",
  "language": "en",
  "words": [
    "bitauth",
    "bitjson",
    "cimg",
    "circleci",
    "codecov",
    "commitlint",
    "dependabot",
    "editorconfig",
    "esnext",
    "execa",
    "exponentiate",
    "globby",
    "libauth",
    "Middlewares",
    "mkdir",
    "modlog",
    "modmail",
    "Pollable",
    "prettierignore",
    "sandboxed",
    "Snoostorm",
    "subreddits",
    "transpiled",
    "typedoc",
    "untracked"
  ],
  "flagWords": [],
  "ignorePaths": [
    "package.json",
    "package-lock.json",
    "yarn.lock",
    "tsconfig.json",
    "node_modules/**"
  ]
}
